[
  {
    "id": "cmbsn36lu0000ld0440eakfff",
    "title": "Contratos com vencimento em 30 dias.",
    "createdAt": "2025-06-12T00:27:28.320Z",
    "updatedAt": "2025-06-12T00:27:28.320Z"
  },
  {
    "id": "cmbsnb7jn0000s72gd15zs8k8",
    "title": "Verificação de contrato por fiscal Vitorelli.",
    "createdAt": "2025-06-12T00:33:42.885Z",
    "updatedAt": "2025-06-12T00:33:42.885Z"
  },
  {
    "id": "cmbsnq50b0000jm04cedv2s0e",
    "title": "Dias restantes para o vencimento do contrato mais próximo.",
    "createdAt": "2025-06-12T00:45:19.451Z",
    "updatedAt": "2025-06-12T00:45:19.451Z"
  },
  {
    "id": "cmbtkhu4f0000jp04kio54hh5",
    "title": "Dias restantes para o vencimento do contrato mais próximo.",
    "createdAt": "2025-06-12T16:02:39.424Z",
    "updatedAt": "2025-06-12T16:02:39.424Z"
  },
  {
    "id": "cmbtnyzwm0000jx04mmgbnvp5",
    "title": "Nomes dos fiscais do contrato mais recente.",
    "createdAt": "2025-06-12T17:39:58.806Z",
    "updatedAt": "2025-06-12T17:39:58.806Z"
  },
  {
    "id": "cmbtore0c0000l704a0blhzsj",
    "title": "Contratos sob gestão de Monique.",
    "createdAt": "2025-06-12T18:02:03.565Z",
    "updatedAt": "2025-06-12T18:02:03.565Z"
  },
  {
    "id": "cmbvodz3c0000s7y00azo6e85",
    "title": "Dias restantes para o vencimento do contrato mais próximo.",
    "createdAt": "2025-06-14T03:27:10.041Z",
    "updatedAt": "2025-06-14T03:27:10.041Z"
  },
  {
    "id": "cmcbrro7b0000jp04efn0765y",
    "title": "Contratos com vencimento em 30 dias.",
    "createdAt": "2025-06-25T09:46:06.791Z",
    "updatedAt": "2025-06-25T09:46:06.791Z"
  },
  {
    "id": "cmcde228r0000l404j5l5gd8d",
    "title": "Dias restantes para o vencimento do contrato mais próximo.",
    "createdAt": "2025-06-26T12:57:49.161Z",
    "updatedAt": "2025-06-26T12:57:49.161Z"
  }
]