[
  {
    "id": "e6b48533-136e-47a8-ab46-a36dd3622952",
    "numeroContrato": "72100/2025-001/00 ",
    "processoAdministrativo": "62094.000247/2025-01",
    "modalidadeLicitacao": "Pregão Eletrônico",
    "objeto": "Aquisição de sistema de exaustão",
    "orgaoContratante": "Centro de Instrução Almirante Newton Braga",
    "nomeContratada": "Equipamentos de Cozinha LTDA",
    "cnpjContratada": "9965811233377",
    "representanteLegal": "MÁRCIO SOUZA LIMA",
    "enderecoContratada": "Avenida Brasil, nº 900 - Benfica, Rio de Janeiro - RJ",
    "telefoneContratada": "2136958569",
    "emailContratada": "emaildaempresa@gmail.com",
    "valorTotal": 250000,
    "dataAssinatura": "2024-07-20T00:00:00.000Z",
    "vigenciaInicio": "2024-07-20T00:00:00.000Z",
    "vigenciaTermino": "2026-07-20T00:00:00.000Z",
    "dataBaseReajuste": "2025-07-20T00:00:00.000Z",
    "indiceReajuste": "IPCA",
    "tipoGarantia": "Seguro-garantia",
    "valorGarantia": 12500,
    "vigenciaGarantia": "2026-10-18T00:00:00.000Z",
    "gestorContrato": "1T (IM) MONIQUE DIAS",
    "portariaGestor": "Portaria nº 84/2024",
    "emailGestor": "monique.pereira@marinha.mil.br",
    "telefoneGestor": "21965466460",
    "fiscalAdministrativo": "1T (IM) LARA CORREA",
    "portariaFiscalAdm": "Portaria nº 84/2024",
    "emailFiscalAdm": "lara.correa@marinha.mil.br",
    "telefoneFiscalAdm": "21998093933",
    "fiscalTecnico": "1T (IM) VITORELLI",
    "portariaFiscalTec": "Portaria nº 84/2024",
    "emailFiscalTec": "rafael.vitorelli@marinha.mil.br",
    "telefoneFiscalTec": "21975551168",
    "fiscalSubstituto": "1T (IM) JULLY",
    "portariaFiscalSub": "Portaria nº 84/2024",
    "emailFiscalSub": "jully@marinha.mil.br",
    "sancaoAdministrativa": "Multa de 0,5% do valor do contrato por sucessivas entregas com material de baixa qualidade",
    "createdAt": "2025-06-12T00:27:11.511Z",
    "updatedAt": "2025-06-12T00:27:11.511Z",
    "userId": null
  },
  {
    "id": "690eb404-aa99-4833-8260-2d474b7e50cf",
    "numeroContrato": "72100/2025-002/00 ",
    "processoAdministrativo": "62094.000247/2025-02",
    "modalidadeLicitacao": "Pregão Eletrônico",
    "objeto": "Contratação de serviço de dedetização",
    "orgaoContratante": "Centro de Instrução Almirante Newton Braga",
    "nomeContratada": "Insetmil LTDA",
    "cnpjContratada": "9785836237779",
    "representanteLegal": "ANA LÚCIA CASTRO",
    "enderecoContratada": "Rua Lopes Souza, nº 10 - Madureira, Rio de Janeiro - RJ",
    "telefoneContratada": "2125698475",
    "emailContratada": "emaildenovoda@empresa.com",
    "valorTotal": 50000,
    "dataAssinatura": "2024-07-10T00:00:00.000Z",
    "vigenciaInicio": "2024-07-10T00:00:00.000Z",
    "vigenciaTermino": "2026-07-10T00:00:00.000Z",
    "dataBaseReajuste": "2025-07-10T00:00:00.000Z",
    "indiceReajuste": "IPCA",
    "tipoGarantia": "Seguro-garantia",
    "valorGarantia": 2500,
    "vigenciaGarantia": "2026-10-08T00:00:00.000Z",
    "gestorContrato": "1T (IM) MONIQUE DIAS",
    "portariaGestor": "Portaria nº 82/2024",
    "emailGestor": "monique.pereira@marinha.mil.br",
    "telefoneGestor": "21965466460",
    "fiscalAdministrativo": "1T (IM) HELENA DIAS",
    "portariaFiscalAdm": "Portaria nº 82/2024",
    "emailFiscalAdm": "helena.dias@marinha.mil.br",
    "telefoneFiscalAdm": "21996309140",
    "fiscalTecnico": "1T (IM) BANDEIRA",
    "portariaFiscalTec": "Portaria nº 82/2024",
    "emailFiscalTec": "pedro.bandeira@marinha.mil.br",
    "telefoneFiscalTec": "21999311495",
    "fiscalSubstituto": "1T (IM) NELSON",
    "portariaFiscalSub": "Portaria nº 82/2024",
    "emailFiscalSub": "nelson123@marinh23a.mil.br",
    "sancaoAdministrativa": "Advertência por atraso na prestação do serviço",
    "createdAt": "2025-06-12T00:44:57.235Z",
    "updatedAt": "2025-06-12T00:44:57.235Z",
    "userId": null
  }
]